<!DOCTYPE ui:UiBinder SYSTEM "http://dl.google.com/gwt/DTD/xhtml.ent">
<ui:UiBinder xmlns:ui="urn:ui:com.google.gwt.uibinder"
	xmlns:g="urn:import:com.google.gwt.user.client.ui" xmlns:p1="urn:import:com.google.gwt.user.datepicker.client">
	<ui:style>
	 .buttonsDiv {
            margin-top: 20px;
        }
	.centerCss {
            position: absolute;
            width: 100%;
            height: 100%;
            background: url(images/sky.jpg);
       }
	</ui:style>
	<g:VerticalPanel stylePrimaryName="{style.centerCss}">
		<g:HTMLPanel styleName="{style.buttonsDiv}">
		<g:AbsolutePanel height="648px" width="100%">
			<g:at left="42" top="151">
				<g:Label width="63px" height="67px" styleName="sendButton" ui:field="lblWeatherIcon"/>
			</g:at>
			<g:at left="9" top="357">
				<g:Label text="Location" width="99px" height="18px" horizontalAlignment="ALIGN_RIGHT"></g:Label>
			</g:at>
			<g:at left="117" top="449">
				<g:Button  text="Search" ui:field="btnSearch" width="93px" height="30px"/>
			</g:at>
			<g:at left="48" top="23">
				<g:Label width="381px" height="41px" horizontalAlignment="ALIGN_CENTER" styleName="sendButton"/>
			</g:at>
			<g:at left="9" top="392">
				<g:Label width="99px" height="18px" horizontalAlignment="ALIGN_RIGHT" text="Date"/>
			</g:at>
			<g:at left="9" top="419">
				<g:Label width="99px" height="18px" horizontalAlignment="ALIGN_RIGHT" text="Time"/>
			</g:at>
			<g:at left="117" top="386">
				<p1:DateBox ui:field="txtDate" width="104px" height="16px"/>
			</g:at>
			<g:at left="117" top="419">
				<g:ListBox width="93px" height="22px" name="timeCmbBox" ui:field="cmbTime"/>
			</g:at>
			<g:at left="119" top="357">
				<g:ListBox width="118px" height="22px" ui:field="cmbLocation"/>
			</g:at>
			<g:at left="43" top="516">
				<g:Label width="214px" height="18px" ui:field="lblHumidity"/>
			</g:at>
			<g:at left="258" top="163">
				<g:Label width="171px" height="18px" horizontalAlignment="ALIGN_LEFT" ui:field="lblCurrentHumidity"/>
			</g:at>
			<g:at left="251" top="226">
				<g:HTML wordWrap="true"></g:HTML>
			</g:at>
			<g:at left="43" top="492">
				<g:Label width="214px" height="18px" ui:field="lblTemperature"/>
			</g:at>
			<g:at left="37" top="46">
				<g:Label text="Chicago, IL" width="415px" height="58px" horizontalAlignment="ALIGN_LEFT" styleName="currentWeatherLabel" ui:field="lblCurrentLocation"/>
			</g:at>
			<g:at left="258" top="187">
				<g:Label width="171px" height="18px" horizontalAlignment="ALIGN_LEFT" ui:field="lblCurrentWind"/>
			</g:at>
			<g:at left="93" top="141">
				<g:Label width="118px" height="64px" styleName="tempLabel" ui:field="lblCurrentTemp" horizontalAlignment="ALIGN_RIGHT"/>
			</g:at>
			<g:at left="208" top="163">
				<g:Label width="29px" height="39px" ui:field="lblDegree"/>
			</g:at>
			<g:at left="42" top="540">
				<g:Label width="214px" height="18px" ui:field="lblWind"/>
			</g:at>
			<g:at left="42" top="110">
				<g:Label text="Current Condition" width="161px" height="30px" styleName="subHeadingLabel"/>
			</g:at>
			<g:at left="42" top="307">
				<g:Label width="266px" height="30px" text="Weather Forecast" styleName="subHeadingLabel"/>
			</g:at>
			<g:at left="315" top="357">
				<g:Hyperlink text="7 Day" targetHistoryToken="newHistoryToken" width="114px" height="18px" styleName="gwt-label" ui:field="hlSevenDay"/>
			</g:at>
			<g:at left="315" top="392">
				<g:Hyperlink width="114px" height="18px" styleName="gwt-label" targetHistoryToken="newHistoryToken" text="30 Day" ui:field="hlThirtyDay"/>
			</g:at>
			<g:at left="295" top="307">
				<g:Label width="161px" height="30px" styleName="subHeadingLabel" text="Weather History"/>
			</g:at>
			<g:at left="315" top="422">
				<g:Hyperlink width="171px" height="18px" styleName="gwt-label" targetHistoryToken="newHistoryToken" text="Custom Weather Data Query" ui:field="hlWeatherDataQuery"/>
			</g:at>

		</g:AbsolutePanel>

	</g:HTMLPanel>		</g:VerticalPanel>

</ui:UiBinder> 